feature,gap_states_avg,other_states_avg,difference,importance,priority_score
num_web_visits,25.38715395003376,25.94163490334876,-0.5544809533150001,0.04610641544180065,0.025565129188107067
finance_customer,0.23784604996623904,0.22165123876939832,0.016194811196840714,0.5459669811034378,0.008841832178679277
service_plan_customer,0.19091829844699526,0.18156139395589435,0.00935690449110091,0.3498385842869694,0.003273406220475128
campaign_b_touchpoints,1.5401755570560431,1.6580225065795444,-0.11784694952350128,0.004036765779635094,0.0004757205330708542
total_touchpoints,1.9747636731937879,2.0137716671204284,-0.03900799392664056,0.005200526914046564,0.00020286212227845914
campaign_c_touchpoints,0.20138419986495612,0.17649060713313366,0.024893592731822456,0.0033643273005852467,8.375019363732075e-05
campaign_a_touchpoints,0.23320391627278866,0.17925855340775024,0.053945362865038426,0.0012428678598212538,6.704695769135125e-05
