Fiscal Year,Items Listed,Total Net Results,Avg Net / Item,Items Needed for Overhead
2022,137,83530.01000000001,609.7081021897811,393.6309836428847
2023,335,209039.25,623.9977611940299,384.6167645549819
2024,55,24666.0,448.4727272727273,535.149598637801
